Date,FirstName,LastName,Email,Phone,CompanyName
3/20/2024,John,Doe,john.do@gmail.com,123-456-7890,My Company
3/20/2024,John,Doe,john.do@gmail.com,123-456-7891,My Company
3/20/2024,John,Doe,john.do@gmail.com,123-456-7892,My Company
3/20/2024,John,Doe,john.do@gmail.com,123-456-7893,My Company
3/20/2024,John,Doe,john.do@gmail.com,123-456-7894,My Company
3/20/2024,John,Doe,john.do@gmail.com,123-456-7895,My Company
3/20/2024,John,Doe,john.do@gmail.com,123-456-7896,My Company
3/20/2024,John,Doe,john.do@gmail.com,123-456-7897,My Company
3/20/2024,John,Doe,john.do@gmail.com,123-456-7898,My Company
3/20/2024,John,Doe,john.do@gmail.com,123-456-7899,My Company
3/20/2024,John,Doe,john.do@gmail.com,123-456-7900,My Company
3/20/2024,John,Doe,john.do@gmail.com,123-456-7901,My Company
3/20/2024,John,Doe,john.do@gmail.com,123-456-7902,My Company
3/20/2024,John,Doe,john.do@gmail.com,123-456-7903,My Company
3/20/2024,John,Doe,john.do@gmail.com,123-456-7904,My Company
3/20/2024,John,Doe,john.do@gmail.com,123-456-7905,My Company
3/20/2024,John,Doe,john.do@gmail.com,123-456-7906,My Company
3/20/2024,John,Doe,john.do@gmail.com,123-456-7907,My Company
3/20/2024,John,Doe,john.do@gmail.com,123-456-7908,My Company
3/20/2024,John,Doe,john.do@gmail.com,123-456-7909,My Company
3/20/2024,John,Doe,john.do@gmail.com,123-456-7910,My Company
3/20/2024,John,Doe,john.do@gmail.com,123-456-7911,My Company
3/20/2024,John,Doe,john.do@gmail.com,123-456-7912,My Company
3/20/2024,John,Doe,john.do@gmail.com,123-456-7913,My Company
3/20/2024,John,Doe,john.do@gmail.com,123-456-7914,My Company
3/20/2024,John,Doe,john.do@gmail.com,123-456-7915,My Company
3/20/2024,John,Doe,john.do@gmail.com,123-456-7916,My Company
3/20/2024,John,Doe,john.do@gmail.com,123-456-7917,My Company
3/20/2024,John,Doe,john.do@gmail.com,123-456-7918,My Company
3/20/2024,John,Doe,john.do@gmail.com,123-456-7919,My Company
3/20/2024,John,Doe,john.do@gmail.com,123-456-7920,My Company
3/20/2024,John,Doe,john.do@gmail.com,123-456-7921,My Company
3/20/2024,John,Doe,john.do@gmail.com,123-456-7922,My Company
3/20/2024,John,Doe,john.do@gmail.com,123-456-7923,My Company
3/20/2024,John,Doe,john.do@gmail.com,123-456-7924,My Company
3/20/2024,John,Doe,john.do@gmail.com,123-456-7925,My Company
3/20/2024,John,Doe,john.do@gmail.com,123-456-7926,My Company
3/20/2024,John,Doe,john.do@gmail.com,123-456-7927,My Company
3/20/2024,John,Doe,john.do@gmail.com,123-456-7928,My Company
3/20/2024,John,Doe,john.do@gmail.com,123-456-7929,My Company
3/21/2024,John,Doe,john.do@gmail.com,123-456-7930,My Company
3/21/2024,John,Doe,john.do@gmail.com,123-456-7931,My Company
3/21/2024,John,Doe,john.do@gmail.com,123-456-7932,My Company
3/21/2024,John,Doe,john.do@gmail.com,123-456-7933,My Company
3/21/2024,John,Doe,john.do@gmail.com,123-456-7934,My Company
3/21/2024,John,Doe,john.do@gmail.com,123-456-7935,My Company
3/21/2024,John,Doe,john.do@gmail.com,123-456-7936,My Company
3/21/2024,John,Doe,john.do@gmail.com,123-456-7937,My Company
3/21/2024,John,Doe,john.do@gmail.com,123-456-7938,My Company
3/21/2024,John,Doe,john.do@gmail.com,123-456-7939,My Company
3/21/2024,John,Doe,john.do@gmail.com,123-456-7940,My Company
3/21/2024,John,Doe,john.do@gmail.com,123-456-7941,My Company
3/21/2024,John,Doe,john.do@gmail.com,123-456-7942,My Company
3/21/2024,John,Doe,john.do@gmail.com,123-456-7943,My Company
3/21/2024,John,Doe,john.do@gmail.com,123-456-7944,My Company
3/21/2024,John,Doe,john.do@gmail.com,123-456-7945,My Company
3/21/2024,John,Doe,john.do@gmail.com,123-456-7946,My Company
3/21/2024,John,Doe,john.do@gmail.com,123-456-7947,My Company
3/21/2024,John,Doe,john.do@gmail.com,123-456-7948,My Company
3/21/2024,John,Doe,john.do@gmail.com,123-456-7949,My Company
3/21/2024,John,Doe,john.do@gmail.com,123-456-7950,My Company
3/21/2024,John,Doe,john.do@gmail.com,123-456-7951,My Company
3/21/2024,John,Doe,john.do@gmail.com,123-456-7952,My Company
3/21/2024,John,Doe,john.do@gmail.com,123-456-7953,My Company
3/21/2024,John,Doe,john.do@gmail.com,123-456-7954,My Company
3/21/2024,John,Doe,john.do@gmail.com,123-456-7955,My Company
3/21/2024,John,Doe,john.do@gmail.com,123-456-7956,My Company
3/21/2024,John,Doe,john.do@gmail.com,123-456-7957,My Company
3/21/2024,John,Doe,john.do@gmail.com,123-456-7958,My Company
3/21/2024,John,Doe,john.do@gmail.com,123-456-7959,My Company
3/21/2024,John,Doe,john.do@gmail.com,123-456-7960,My Company
3/21/2024,John,Doe,john.do@gmail.com,123-456-7961,My Company
3/21/2024,John,Doe,john.do@gmail.com,123-456-7962,My Company
3/21/2024,John,Doe,john.do@gmail.com,123-456-7963,My Company
3/21/2024,John,Doe,john.do@gmail.com,123-456-7964,My Company
3/21/2024,John,Doe,john.do@gmail.com,123-456-7965,My Company
3/21/2024,John,Doe,john.do@gmail.com,123-456-7966,My Company
3/21/2024,John,Doe,john.do@gmail.com,123-456-7967,My Company
3/21/2024,John,Doe,john.do@gmail.com,123-456-7968,My Company
4/1/2024,John,Doe,john.do@gmail.com,123-456-7969,My Company
4/1/2024,John,Doe,john.do@gmail.com,123-456-7970,My Company
4/1/2024,John,Doe,john.do@gmail.com,123-456-7971,My Company
4/1/2024,John,Doe,john.do@gmail.com,123-456-7972,My Company
4/1/2024,John,Doe,john.do@gmail.com,123-456-7973,My Company
4/1/2024,John,Doe,john.do@gmail.com,123-456-7974,My Company
4/1/2024,John,Doe,john.do@gmail.com,123-456-7975,My Company
4/1/2024,John,Doe,john.do@gmail.com,123-456-7976,My Company
4/1/2024,John,Doe,john.do@gmail.com,123-456-7977,My Company
4/1/2024,John,Doe,john.do@gmail.com,123-456-7978,My Company
4/1/2024,John,Doe,john.do@gmail.com,123-456-7979,My Company
4/1/2024,John,Doe,john.do@gmail.com,123-456-7980,My Company
4/1/2024,John,Doe,john.do@gmail.com,123-456-7981,My Company
4/1/2024,John,Doe,john.do@gmail.com,123-456-7982,My Company
4/1/2024,John,Doe,john.do@gmail.com,123-456-7983,My Company
4/1/2024,John,Doe,john.do@gmail.com,123-456-7984,My Company
4/1/2024,John,Doe,john.do@gmail.com,123-456-7985,My Company
4/1/2024,John,Doe,john.do@gmail.com,123-456-7986,My Company
4/1/2024,John,Doe,john.do@gmail.com,123-456-7987,My Company
4/2/2024,John,Doe,john.do@gmail.com,123-456-7988,My Company
4/2/2024,John,Doe,john.do@gmail.com,123-456-7989,My Company
4/2/2024,John,Doe,john.do@gmail.com,123-456-7990,My Company
4/2/2024,John,Doe,john.do@gmail.com,123-456-7991,My Company
4/2/2024,John,Doe,john.do@gmail.com,123-456-7992,My Company
4/2/2024,John,Doe,john.do@gmail.com,123-456-7993,My Company
4/2/2024,John,Doe,john.do@gmail.com,123-456-7994,My Company
4/2/2024,John,Doe,john.do@gmail.com,123-456-7995,My Company
4/2/2024,John,Doe,john.do@gmail.com,123-456-7996,My Company
4/2/2024,John,Doe,john.do@gmail.com,123-456-7997,My Company
4/2/2024,John,Doe,john.do@gmail.com,123-456-7998,My Company
4/2/2024,John,Doe,john.do@gmail.com,123-456-7999,My Company
4/2/2024,John,Doe,john.do@gmail.com,123-456-8000,My Company
4/2/2024,John,Doe,john.do@gmail.com,123-456-8001,My Company
4/2/2024,John,Doe,john.do@gmail.com,123-456-8002,My Company
4/2/2024,John,Doe,john.do@gmail.com,123-456-8003,My Company
4/2/2024,John,Doe,john.do@gmail.com,123-456-8004,My Company
4/2/2024,John,Doe,john.do@gmail.com,123-456-8005,My Company
4/2/2024,John,Doe,john.do@gmail.com,123-456-8006,My Company
4/2/2024,John,Doe,john.do@gmail.com,123-456-8007,My Company
4/2/2024,John,Doe,john.do@gmail.com,123-456-8008,My Company
4/2/2024,John,Doe,john.do@gmail.com,123-456-8009,My Company
4/2/2024,John,Doe,john.do@gmail.com,123-456-8010,My Company
4/2/2024,John,Doe,john.do@gmail.com,123-456-8011,My Company
4/2/2024,John,Doe,john.do@gmail.com,123-456-8012,My Company
4/2/2024,John,Doe,john.do@gmail.com,123-456-8013,My Company
4/2/2024,John,Doe,john.do@gmail.com,123-456-8014,My Company
4/2/2024,John,Doe,john.do@gmail.com,123-456-8015,My Company
4/2/2024,John,Doe,john.do@gmail.com,123-456-8016,My Company
4/2/2024,John,Doe,john.do@gmail.com,123-456-8017,My Company
4/2/2024,John,Doe,john.do@gmail.com,123-456-8018,My Company
4/2/2024,John,Doe,john.do@gmail.com,123-456-8019,My Company
4/2/2024,John,Doe,john.do@gmail.com,123-456-8020,My Company